id,title,location,salary,description,requirements,qualifications,company_id
1,Data Analyst,Europe,"USD 1,400","We are seeking a Data Analyst to join our team. As a Data Analyst, you will be responsible for collecting, analyzing, and interpreting large datasets. You will work closely with our team to identify trends and patterns, and to provide insights that will help us make informed business decisions.","Bachelor's degree in a quantitative field (e.g. Mathematics, Statistics, Economics, Computer Science, etc.)
2+ years of experience in a data analyst role
Strong analytical skills and experience with data analysis tools (SQL, Python, R, Excel, etc.)
Experience with data visualization tools (Tableau, Power BI, etc.)
Excellent communication and presentation skills
","Master's degree in a quantitative field
Experience with cloud-based data platforms (AWS, Google Cloud, etc.)
Familiarity with machine learning algorithms and statistical modeling",1
2,Back End Developer,USA,"USD 2,600","We are looking for a skilled Backend Developer to join our team. The successful candidate will be responsible for designing, developing, and maintaining our company's backend systems. They will work closely with our team of front-end developers, project managers, and stakeholders to ensure that our backend systems meet the needs of our business.
","Design and develop scalable and efficient backend systems
Ensure that backend systems are reliable and performant
Work closely with front-end developers to integrate frontend and backend systems
Collaborate with project managers and stakeholders to understand business requirements
Identify and resolve issues in backend systems
Write automated tests to ensure that backend systems are functioning correctly","Bachelor's or Master's degree in Computer Science or a related field
Proven experience as a Backend Developer
Experience with at least one programming language such as Python, Java, or Ruby
Knowledge of web technologies such as HTTP, REST, and JSON
Familiarity with databases such as MySQL, PostgreSQL, or MongoDB
Experience with version control systems such as Git
Excellent problem-solving skills and attention to detail
Strong communication and collaboration skills
",1
3,Mobile Developer,Europe,"USD 1,600",We are looking for 2 developers for this position starting ASAP!,"Bachelor's degree in Computer Science or equivalent
At least 3 years of experience in mobile application development
Proficiency in one or more programming languages, such as Swift, Kotlin, or Java
Strong knowledge of mobile UI design principles, patterns, and best practices
Experience with RESTful APIs, third-party libraries, and web services
Knowledge of software engineering practices, including agile methodologies, version control systems, and continuous integration and delivery","Develop mobile applications for iOS and Android platforms
Collaborate with cross-functional teams to define, design, and ship new features
Optimize performance and ensure code quality, reliability, and security
Continuously discover, evaluate, and implement new technologies to maximize development efficiency
Participate in code reviews and maintain high standards of code quality and testing",2
4,Cloud Engineer,USA,"USD 2,500",We are looking for one experience cloud engineer for this position starting soon. ,"Bachelor's degree in Computer Science or equivalent
At least 3 years of experience in cloud engineering or related field
Experience with one or more cloud platforms, such as AWS, Azure, or Google Cloud
Strong understanding of cloud computing concepts and services, such as EC2, S3, RDS, VPC, and IAM
Proficiency in one or more programming languages, such as Python, Java, or Bash
Familiarity with DevOps methodologies, including continuous integration and delivery, infrastructure as code, and monitoring and logging","Design, develop, and implement cloud-based solutions that meet business and technical requirements
Manage and monitor cloud infrastructure, including compute, storage, and networking resources
Automate infrastructure provisioning and configuration management using tools like Terraform and Ansible
Ensure the availability, scalability, and security of cloud-based applications and services
Collaborate with cross-functional teams to troubleshoot and resolve issues",2
5,Customer Service Representative,Europe,"USD 1,200",We are creating a team of 6 agents for a company in business. Experienced required mandatory.,"High school diploma or equivalent
At least 2 years of experience in customer service or related field
Excellent verbal and written communication skills
Strong problem-solving skills and ability to multitask in a fast-paced environment
Proficiency in using customer service software and tools, such as Zendesk or Salesforce
Ability to work independently and as part of a team
","Answer customer inquiries and provide solutions to their problems
Resolve customer complaints via phone, email, or chat
Manage customer accounts and maintain accurate records
Build strong relationships with customers to ensure satisfaction and loyalty
Collaborate with cross-functional teams to improve customer service processes",1
