id,title,date_posted,tag,content,user_id
1,5 Reasons to Work Remotely in 2023,2023-03-22 00:08:30.181885,jobs,"Increased Flexibility
When you work remotely, you have the flexibility to work from anywhere you choose. Whether you prefer to work from home, a coffee shop, or a co-working space, you can design your work environment to suit your needs. You can also work during the hours that suit you best, whether that's early in the morning or late at night.

Improved Work-Life Balance
Working from home eliminates the need for a commute, which can save you hours of time each week. This extra time can be used to spend time with loved ones, pursue hobbies, or simply relax. Remote work can also help you manage your work-life balance more effectively by giving you more control over your schedule.

Reduced Stress
The stress of commuting, dealing with traffic, and working in a traditional office setting can take a toll on your mental health. When you work remotely, you can eliminate many of these stressors, which can help you feel more relaxed and focused on your work.

Increased Productivity
Studies have shown that remote workers are often more productive than their office-bound counterparts. This is because remote workers have fewer distractions, can design their work environment to suit their needs, and are often more motivated to get their work done so they can enjoy the benefits of remote work.

Greater Job Satisfaction
When you work remotely, you have more control over your work environment and schedule, which can lead to greater job satisfaction. Remote work also allows you to work for companies located anywhere in the world, which can open up exciting new career opportunities",1
2,How to Prepare for an English Interview: Tips and Strategies,2023-03-22 00:15:23.135048,education,"If you're a non-native English speaker looking to land your dream job, chances are you'll have to ace an English language interview. Preparing for an English interview can be daunting, but with the right strategies and tips, you can feel more confident and increase your chances of success.

Here are some tips to help you prepare for an English interview:

Practice, practice, practice: The more you practice, the more confident you'll feel. Practice answering common interview questions in English, and consider recording yourself to review your pronunciation, grammar, and intonation.

Build your vocabulary: Brush up on your English vocabulary, especially industry-specific terms that may come up in the interview. Reading books, articles, and news in English can help you expand your vocabulary.

Improve your listening skills: Listening is a critical part of communication, and it's important to be able to understand what the interviewer is saying. Listen to English podcasts, news, and interviews to improve your listening skills.

Research the company and the job: Research the company you're applying to and the job you're interviewing for. Look for information on the company's values, mission, and culture. This will help you tailor your responses to the interviewer's questions and demonstrate your interest in the company.

Stay calm and confident: It's normal to feel nervous during an interview, but try to stay calm and confident. Take deep breaths, speak slowly and clearly, and remember that the interviewer wants to get to know you and your skills.

By following these tips and strategies, you can prepare for an English interview and increase your chances of success. Good luck!",1
3,The Future of Work: Remote Work and Technology Trends in Europe,2023-03-24 14:32:11.536856,jobs,"The rise of remote work has been one of the most significant changes in the employment landscape in recent years. Due to the COVID-19 pandemic, many companies across Europe and around the world were forced to adopt remote work as a means of keeping their businesses operational. As a result, remote work is now more popular than ever, and it seems that this trend is here to stay.

Remote work has many benefits, such as the ability to work from anywhere, increased flexibility, and reduced commute times. But how will remote work continue to evolve in the future, and what role will technology play in shaping the future of work?

One trend that is likely to continue is the increased adoption of digital tools and technologies that make remote work more efficient and effective. Video conferencing software, collaboration tools, and project management platforms have become essential for remote work. As technology continues to evolve, we can expect to see even more advanced tools and software designed specifically for remote work.

The rise of remote work has also led to changes in the way companies hire and manage employees. With remote work, companies are no longer limited to hiring talent within their local area. As a result, we can expect to see more diverse teams, with talent from all over the world working together on projects.

Overall, the future of work looks very different than it did just a few years ago. Remote work and technology will continue to shape the way we work, and companies that embrace these changes will be better positioned to attract top talent and stay competitive in the global marketplace.",1
4,Top 3 Most Demanded Jobs in the US,2023-03-24 14:37:22.770805,jobs,"The job market in the United States is constantly evolving, and certain jobs are in higher demand than others. If you're looking for a new career or considering a change, it can be helpful to know which jobs are the most in-demand, as well as the salary, benefits, and required skills for each job.

1) Software Developer
As technology continues to advance, the demand for software developers is only increasing. Software developers design, develop, and maintain software applications, and they can work in a variety of industries. The median salary for a software developer is $107,510 per year, and the job growth rate is 22%, much faster than the national average.

Required skills: Strong programming skills, experience with software development tools and languages, and a good understanding of software architecture and design patterns.

2) Data Scientist
Data is becoming more important than ever for businesses, and data scientists are needed to help organizations make sense of it all. Data scientists analyze complex data sets, identify trends and patterns, and develop models to help businesses make data-driven decisions. The median salary for a data scientist is $93,750 per year, and the job growth rate is 11%, faster than the national average.

Required skills: Strong statistical and analytical skills, experience with programming languages and data analysis tools, and a good understanding of machine learning and artificial intelligence.

3) Information Security Analyst
With the rise of cybercrime, information security analysts are needed to help protect organizations' data and networks. Information security analysts are responsible for identifying and mitigating security risks, implementing security measures, and ensuring compliance with security policies and regulations. The median salary for an information security analyst is $103,590 per year, and the job growth rate is 33%, much faster than the national average.

Required skills: Strong knowledge of information security principles and practices, experience with security tools and technologies, and good problem-solving skills.

Would like to get hired on these positions? Check the candidates section for applying and start working on your dream job!",1
5,Bootcamp vs University: Which is Better for Computer Science and Software Engineering?,2023-03-24 14:44:41.834431,education,"Bootcamps

Bootcamps are intensive, short-term training programs designed to teach students practical skills for a specific field. In the context of computer science and software engineering, bootcamps are often focused on teaching coding languages and other technical skills in a condensed format. Bootcamps typically last anywhere from a few weeks to several months, and they can be completed online or in person.

Pros:
Shorter time commitment: Bootcamps can be completed in a matter of weeks or months, rather than the several years required for a university program.
Focused curriculum: Bootcamps are designed to teach specific skills needed for a particular job, so students can learn exactly what they need to know without any extraneous material.
Career-oriented: Many bootcamps have career services that help students find jobs after graduation.

Cons:
Limited depth: Bootcamps tend to focus on practical skills and may not provide as much theoretical background as a university program.
Less comprehensive: Bootcamps may not cover as many topics or areas of computer science and software engineering as a university program.
Limited networking opportunities: Bootcamps may not have the same level of alumni network and industry connections as a university program.


Universities

University programs in computer science and software engineering typically involve a more comprehensive curriculum that covers a wide range of topics, from theory to practice. University programs can take anywhere from 2-4 years for an undergraduate degree to 1-2 years for a graduate degree.

Pros:
Comprehensive curriculum: University programs cover a wide range of topics in computer science and software engineering, providing students with a well-rounded education.
Networking opportunities: Universities often have strong alumni networks and industry connections that can be beneficial for students looking for internships and job opportunities.
Advanced degrees: Universities offer graduate programs that can lead to advanced degrees, such as a Master's or Ph.D.

Cons:
Longer time commitment: University programs can take several years to complete, which can be a significant time and financial investment.
Cost: University programs can be more expensive than bootcamps.
Less career-oriented: University programs may not have the same level of career services and job placement support as bootcamps.
Ultimately, the decision to attend a bootcamp or a university program for computer science and software engineering education depends on your individual goals and circumstances. If you're looking for a fast-paced, career-oriented program focused on practical skills, a bootcamp may be the right choice. If you're interested in a more comprehensive education and are willing to invest the time and money into a longer program, a university program may be a better fit. Whatever your choice, it's important to do your research and choose a program that aligns with your career goals and learning style.",1
6,AI and Disruption: How Artificial Intelligence is Impacting the Work Industry,2023-03-24 14:48:43.902851,technology,"Artificial Intelligence (AI) is transforming the way we work and interact with technology. As AI continues to advance, it's causing disruption in many industries, including the work industry. Here's a closer look at how AI is impacting the work industry and what this means for the future of work:

Automation of Jobs
One of the most significant impacts of AI on the work industry is the automation of jobs. AI is capable of performing repetitive and routine tasks that were previously done by humans, such as data entry, analysis, and processing. This has led to the displacement of many workers who were once responsible for these tasks.

Creation of New Jobs
While AI is displacing some jobs, it's also creating new ones. As AI technology advances, there is a growing need for workers who can design, program, and maintain these systems. Jobs such as AI engineers, data scientists, and machine learning specialists are in high demand, and these fields are expected to continue growing in the coming years.

Changes in Skill Requirements
AI is also changing the skill requirements for many jobs. As more tasks become automated, workers will need to develop new skills to stay relevant in the workforce. Skills such as creativity, problem-solving, and critical thinking will become increasingly important, as these are areas where humans can still outperform AI.

Increased Efficiency and Productivity
AI is also improving efficiency and productivity in the work industry. AI-powered tools and systems can analyze data and make predictions much faster and more accurately than humans. This can lead to cost savings and increased profits for businesses, and can also free up workers to focus on higher-level tasks.

Ethical Concerns
As AI continues to transform the work industry, there are also ethical concerns to consider. For example, there are concerns about bias and discrimination in AI-powered hiring systems. There are also concerns about the impact of automation on workers who are displaced from their jobs. It's important to consider these ethical concerns and work to address them as AI continues to advance.

Overall, AI is causing significant disruption in the work industry. While there are concerns about job displacement and ethical considerations, there are also opportunities for new job creation and increased efficiency and productivity. As the impact of AI on the work industry continues to unfold, it's important to monitor these trends and work to ensure that the benefits of AI are distributed fairly and equitably.",1
7,AWS vs Azure: Comparing the Leading Cloud Computing Platforms,2023-03-24 15:00:18.687579,technology,"Cloud computing has revolutionized the way businesses store, manage, and access their data. With so many cloud computing platforms available, it can be challenging to choose the right one for your business. In this post, we'll compare two of the leading cloud computing platforms: Amazon Web Services (AWS) and Microsoft Azure.

Features and Services
Both AWS and Azure offer a wide range of features and services for businesses of all sizes. AWS is known for its extensive suite of services, which includes everything from computing and storage to analytics and machine learning. Azure, on the other hand, offers similar services but with a greater focus on Microsoft products and services. For example, Azure integrates seamlessly with Microsoft Office and other Microsoft tools.

Pricing
Pricing is an essential consideration when choosing a cloud computing platform. AWS and Azure both offer pay-as-you-go pricing models, which can help businesses save money by only paying for the resources they use. AWS has a more complex pricing structure, but it can be cheaper for certain workloads. Azure, on the other hand, offers more predictable pricing, with discounts available for long-term commitments.

Security
Security is a top priority for any business storing data in the cloud. Both AWS and Azure offer robust security features, including network security, data encryption, and identity and access management. AWS has a slightly better reputation when it comes to security, but both platforms are generally considered to be very secure.

Integration with Other Tools
The ability to integrate with other tools is critical for many businesses. AWS and Azure both offer a range of integrations with popular tools and platforms, such as Salesforce, GitHub, and Docker. However, Azure has an advantage when it comes to integration with Microsoft tools and services, as mentioned earlier.

Market Share
Finally, market share is an important consideration when choosing a cloud computing platform. AWS is currently the market leader in cloud computing, with a market share of around 32%. Azure is the second-largest cloud computing platform, with a market share of around 19%. While market share shouldn't be the only factor you consider, it's important to be aware of the market trends.

In conclusion, both AWS and Azure are excellent cloud computing platforms that offer a wide range of features and services. AWS is generally considered to have a broader range of services, while Azure has an advantage when it comes to integration with Microsoft tools and services. When choosing between AWS and Azure, it's essential to consider your specific needs and workloads, as well as pricing and security considerations.",8
8,Quantum Technology: A Revolution in Computing and Information Science,2023-03-24 15:08:17.506780,science,"Quantum technology is a rapidly developing field that has the potential to revolutionize computing and information science as we know it. Unlike traditional computing, which relies on binary digits (bits) to represent data, quantum technology uses quantum bits (qubits) to represent data. These qubits can exist in multiple states simultaneously, allowing quantum computers to perform many calculations at once and potentially solving problems that are beyond the capabilities of classical computers.

Quantum technology is not just about faster processing; it offers a completely new paradigm for computing and information processing. By exploiting the principles of quantum mechanics, quantum technology has the potential to transform the way we process and store data, enabling us to tackle problems that were previously impossible to solve.

For example, there are problems in chemistry and materials science that are extremely difficult to simulate using classical computers, due to the large number of variables involved. Quantum computers could potentially be used to simulate these systems more efficiently and accurately, enabling us to design new materials and drugs with unprecedented precision.

Another area where quantum technology could have a major impact is optimization. Many real-world problems involve finding the optimal solution to a complex set of constraints, such as scheduling problems or logistics optimization. These problems are extremely difficult to solve using classical computers, but quantum computers could potentially be used to find optimal solutions much more quickly and efficiently.

Furthermore, quantum technology offers the potential for breakthroughs in cryptography. One of the key applications of quantum cryptography is the ability to generate unbreakable encryption keys and secure communication channels. This is because quantum mechanics offers a way to transmit information that is inherently secure against eavesdropping, due to the unique properties of entangled particles.

One of the key benefits of quantum technology is its potential to dramatically speed up certain types of calculations. For example, quantum computers could be used to perform complex simulations and optimizations that are currently too time-consuming for classical computers. Quantum technology also offers the potential for breakthroughs in cryptography, with the ability to generate unbreakable encryption keys and secure communication channels.

However, quantum technology is still in the early stages of development, and there are significant technical challenges that need to be overcome. Building a quantum computer is a complex process that requires extremely precise control over individual qubits, as well as the ability to maintain coherence between multiple qubits. Despite these challenges, researchers around the world are making significant progress in developing practical quantum technologies.

In conclusion, quantum technology is a rapidly developing field with the potential to transform computing and information science. While there are still significant technical challenges to overcome, the potential benefits of quantum technology are immense, and it is an exciting time to be involved in this field.",8
9, Blockchain Technology: Revolutionizing Data Management and Security,2023-03-24 15:09:56.543372,technology,"Blockchain technology is a distributed ledger system that allows for secure, transparent, and tamper-proof data management. It was originally created to support cryptocurrencies, but its potential applications are far broader than just financial transactions.

At its core, blockchain technology is a decentralized database that is maintained by a network of participants, rather than a central authority. Each block in the chain contains a timestamped record of all the transactions that have taken place, and the blocks are linked together using cryptography to form a chain. Once a block is added to the chain, it cannot be altered without also altering all subsequent blocks, making it extremely difficult to tamper with or corrupt the data.

One of the key benefits of blockchain technology is its potential for improved security. Because the database is distributed and transparent, it is much harder for a malicious actor to alter or manipulate the data. This makes it an attractive solution for industries such as finance, healthcare, and logistics, where data security and integrity are paramount.

Another key benefit of blockchain technology is its potential to improve efficiency and reduce costs. By eliminating the need for intermediaries and middlemen, blockchain technology can facilitate faster, cheaper, and more secure transactions. This has the potential to transform industries such as supply chain management, where blockchain technology can be used to track the movement of goods and ensure their authenticity and quality.

However, there are also challenges associated with blockchain technology. One of the key challenges is scalability; as more transactions are added to the blockchain, the network can become slower and more cumbersome. Additionally, the complexity of blockchain technology can make it difficult for non-technical users to understand and implement.

Despite these challenges, the potential applications of blockchain technology are vast, and it is an exciting time to be involved in this field. From improving data security and integrity to transforming supply chain management and beyond, blockchain technology has the potential to revolutionize the way we manage and exchange data.",8
10,The Future of Digital Marketing: Trends to Watch,2023-03-24 15:11:33.246844,jobs,"Digital marketing is constantly evolving, and keeping up with the latest trends and strategies is essential for businesses that want to stay ahead of the curve. Here are some of the key trends to watch in digital marketing in the coming years:

Artificial Intelligence (AI) and Machine Learning: AI and machine learning are already transforming the digital marketing landscape, allowing marketers to automate repetitive tasks, personalize content, and optimize campaigns in real-time. As these technologies continue to advance, we can expect to see even more sophisticated and targeted marketing strategies.

Voice Search Optimization: With the rise of smart speakers and voice assistants, voice search is becoming an increasingly important area of focus for digital marketers. Optimizing content for voice search queries requires a different approach than traditional keyword-based SEO, and businesses that can successfully master this technique will have a competitive advantage.

Video Marketing: Video has been a powerful marketing tool for years, and its importance is only increasing. Short-form videos on social media platforms like Instagram and TikTok have become especially popular, and businesses that can create engaging, shareable video content will be able to capture the attention of younger audiences.

Interactive Content: Interactive content, such as quizzes, surveys, and polls, is becoming increasingly popular, as it can help to engage audiences and create more personalized experiences. By using interactive content, businesses can gather valuable data on their target audience and better tailor their marketing strategies.

Personalization: Personalization has been a key trend in digital marketing for years, but it's becoming increasingly important as consumers expect more personalized experiences across all channels. By using data and AI-driven insights, businesses can create targeted marketing campaigns that speak directly to individual customers, increasing engagement and conversions.

These are just a few of the key trends that we can expect to see in digital marketing in the coming years. By staying up-to-date on the latest strategies and technologies, businesses can stay ahead of the curve and connect with their audiences in new and innovative ways.
",1
